<?xml version="1.0" encoding="UTF-8"?>
<beans xmlns="http://www.springframework.org/schema/beans"
    xmlns:xsi="http://www.w3.org/2001/XMLSchema-instance" xmlns:context="http://www.springframework.org/schema/context"
    xmlns:tx="http://www.springframework.org/schema/tx" xmlns:aop="http://www.springframework.org/schema/aop"
    xsi:schemaLocation="
    http://www.springframework.org/schema/beans
    http://www.springframework.org/schema/beans/spring-beans.xsd
    http://www.springframework.org/schema/context
    http://www.springframework.org/schema/context/spring-context-3.0.xsd
    http://www.springframework.org/schema/tx
    http://www.springframework.org/schema/tx/spring-tx-3.0.xsd
    http://www.springframework.org/schema/aop
    http://www.springframework.org/schema/aop/spring-aop-3.0.xsd">

    <context:component-scan base-package="com.bjcre.dao"></context:component-scan>
    <tx:annotation-driven transaction-manager="transactionManager" />

    <bean id="dataSourceMessagecenter" class="com.mchange.v2.c3p0.ComboPooledDataSource"
        destroy-method="close">
        <property name="driverClass">
            <value>com.mysql.jdbc.Driver</value>
        </property>
        <property name="jdbcUrl">
            <value>jdbc:mysql://localhost:3306/bjcre?characterEncoding=utf-8&amp;zeroDateTimeBehavior=convertToNull</value>
        </property>
        <property name="user">
            <value>root</value>
        </property>
        <property name="password">
            <value>123456</value>
        </property>
        <property name="minPoolSize">
            <value>1</value>
        </property>
        <property name="maxPoolSize">
            <value>20</value>
        </property>
        <property name="initialPoolSize">
            <value>1</value>
        </property>
        <property name="maxIdleTime">
            <value>60</value>
        </property>
        <property name="acquireIncrement">
            <value>1</value>
        </property>
        <property name="idleConnectionTestPeriod">
            <value>60</value>
        </property>
        <property name="preferredTestQuery" value="SELECT 1 FROM DUAL"></property>
        <property name="testConnectionOnCheckin" value="true"></property>
        <property name="testConnectionOnCheckout" value="false"></property>
        <property name="acquireRetryAttempts">
            <value>10</value>
        </property>
    </bean>

    <bean id="transactionManager"
        class="org.springframework.jdbc.datasource.DataSourceTransactionManager">
        <property name="dataSource" ref="dataSourceMessagecenter" />
    </bean>

    <bean id="sqlSessionFactory" class="org.mybatis.spring.SqlSessionFactoryBean">
        <property name="dataSource" ref="dataSourceMessagecenter" />
        <property name="configLocation" value="classpath:mybatis/mybatis_config.xml" />
         <property name="mapperLocations">
             <list>
                 <value>classpath:mybatis/mapper/*.xml</value>
             </list>
         </property>
        <property name="typeAliasesPackage" value="com.bjcre.po" />
    </bean>
    <!--<bean class="org.mybatis.spring.mapper.MapperScannerConfigurer">-->
        <!--<property name="basePackage" value="com.bjcre.mapper" />-->
        <!--<property name="sqlSessionFactory" ref="sqlSessionFactoryMessagecenter" />-->
    <!--</bean>-->

    <bean class="org.mybatis.spring.mapper.MapperScannerConfigurer">
        <property name="basePackage" value="com.bjcre.mapper" />
        <property name="sqlSessionFactoryBeanName" value="sqlSessionFactory" />
    </bean>

    <bean id="sqlTemplateRegisterBean"
          class="com.dbframe.spring.SqlTemplateRegisterBean">
        <property name="domainBingings">
            <list>
                <bean class="com.dbframe.spring.DomainBinding">
                    <property name="domainPackages" value="com.bjcre.po" />
                    <property name="sqlSessionFactory" ref="sqlSessionFactory" />
                    <property name="sqlBuilder">
                        <bean class="com.dbframe.script.MysqlBuilder"/>
                    </property>
                </bean>
            </list>
        </property>
    </bean>
</beans>
