<?xml version="1.0" encoding="UTF-8"?>  
<!DOCTYPE log4j:configuration SYSTEM "log4j.dtd">
<log4j:configuration xmlns:log4j="http://jakarta.apache.org/log4j/">
    <appender name="CONSOLE" class="org.apache.log4j.ConsoleAppender">
        <layout class="org.apache.log4j.PatternLayout">
            <param name="ConversionPattern" value="%d{HH:mm:ss.SSS} %-5p [%t] %C.%M(%L) | %m%n" />
        </layout>
        <!--限制输出级别 -->
        <filter class="org.apache.log4j.varia.LevelRangeFilter">
            <param name="LevelMax" value="ERROR" />
            <param name="LevelMin" value="TRACE" />
        </filter>
    </appender>
    <appender name="R" class="org.apache.log4j.DailyRollingFileAppender">
        <param name="File" value="log/bjcre.log" />
        <!-- 设置是否在重新启动服务时，在原有日志的基础添加新日志 -->
        <param name="Threshold" value="INFO" />
        <param name="Append" value="true" />
        <param name="DatePattern" value="'.'yyyy-MM-dd" />
        <param name="Encoding" value="UTF-8" />
        <layout class="org.apache.log4j.PatternLayout">
            <param name="ConversionPattern"
                value="%d{yyyy-MM-dd HH:mm:ss.SSS} %-5p [%t] %C.%M(%L) | %m%n" />
        </layout>
    </appender>
    <appender name="errorLog" class="org.apache.log4j.DailyRollingFileAppender">
        <param name="File" value="log/error_bjcre.log" />
        <!-- 设置是否在重新启动服务时，在原有日志的基础添加新日志 -->
        <param name="Threshold" value="error" />
        <param name="Append" value="true" />
        <param name="DatePattern" value="'.'yyyy-MM-dd" />
        <param name="Encoding" value="UTF-8" />
        <layout class="org.apache.log4j.PatternLayout">
            <param name="ConversionPattern"
                value="%d{yyyy-MM-dd HH:mm:ss.SSS} %-5p [%t] %C.%M(%L) | %m%n" />
        </layout>
    </appender>

    <!-- 指定特定包的级别 -->
    <category name="com.wanda.rpc.client.pool">
      <priority value="ERROR"/>
    </category>

    <root>
        <level class="org.apache.log4j.Level" value="DEBUG" />
        <appender-ref ref="CONSOLE" />
        <appender-ref ref="R" />
        <appender-ref ref="errorLog" />
    </root>
</log4j:configuration>
